filename,tier,subject,source,rights_reference,status
home-hero-poster.jpg,1,"Homepage hero poster (frame from sawla-hero.mp4)",films,,needed
home-cta-background.jpg,1,"Homepage final CTA backdrop",,,needed
home-style-historic-cultural-ethiopia-tours.jpg,1,"Homepage style tile: Heritage Pilgrimage",,,needed
home-style-omo-valley-cultural-tours.jpg,1,"Homepage style tile: Tribal Encounters",,,needed
home-style-ethiopia-wildlife-tours.jpg,1,"Homepage style tile: Wildlife & Birding",,,needed
home-style-ethiopia-adventure-tours.jpg,1,"Homepage style tile: Frontier Adventure",,,needed
home-style-ethiopia-festival-tours.jpg,1,"Homepage style tile: Festival Immersion",,,needed
home-style-ethiopia-photography-tours.jpg,1,"Homepage style tile: Photography Journeys",,,needed
home-style-ethiopia-special-interest-tours.jpg,1,"Homepage style tile: Coffee, Culinary & Special-Interest Journeys",,,needed
dest-lalibela-hero.jpg,2,"Lalibela hero",,,needed
dest-simien-mountain-national-park-hero.jpg,2,"Simien Mountains National Park hero",,,needed
dest-danakil-depression-tour-packages-hero.jpg,2,"Danakil Depression hero",,,needed
dest-omo-valley-tribes-hero.jpg,2,"Lower Omo Valley hero",,,needed
dest-bale-mountains-national-park-hero.jpg,2,"Bale Mountains National Park hero",,,needed
dest-tigray-rock-hewn-churches-historical-sites-hero.jpg,2,"Tigray & Gheralta hero",,,needed
dest-gondar-hero.jpg,2,"Gondar hero",,,needed
dest-bahir-dar-lake-tana-hero.jpg,2,"Bahir Dar & Lake Tana hero",,,needed
dest-harar-hero.jpg,2,"Harar Jugol hero",,,needed
dest-addis-ababa-hero.jpg,2,"Addis Ababa hero",,,needed
dest-axum-hero.jpg,2,"Aksum hero",,,needed
dest-kafa-biosphere-coffee-forest-hero.jpg,2,"Kafa Biosphere Reserve hero",,,needed
dest-arba-minch-nechsar-hero.jpg,2,"Arba Minch & Nech Sar National Park hero",,,needed
dest-konso-hero.jpg,2,"Konso Cultural Landscape hero",,,needed
dest-awash-national-park-hero.jpg,2,"Awash National Park & Alledeghi Plains hero",,,needed
dest-chebera-churchura-national-park-hero.jpg,2,"Chebera Churchura National Park hero",,,needed
dest-gambella-national-park-hero.jpg,2,"Gambella National Park hero",,,needed
dest-kafta-shiraro-national-park-hero.jpg,2,"Kafta Sheraro National Park hero",,,needed
dest-lalibela-card.jpg,2,"Lalibela card",,,needed
dest-simien-mountain-national-park-card.jpg,2,"Simien Mountains National Park card",,,needed
dest-danakil-depression-tour-packages-card.jpg,2,"Danakil Depression card",,,needed
dest-omo-valley-tribes-card.jpg,2,"Lower Omo Valley card",,,needed
dest-bale-mountains-national-park-card.jpg,2,"Bale Mountains National Park card",,,needed
dest-tigray-rock-hewn-churches-historical-sites-card.jpg,2,"Tigray & Gheralta card",,,needed
dest-gondar-card.jpg,2,"Gondar card",,,needed
dest-bahir-dar-lake-tana-card.jpg,2,"Bahir Dar & Lake Tana card",,,needed
dest-harar-card.jpg,2,"Harar Jugol card",,,needed
dest-addis-ababa-card.jpg,2,"Addis Ababa card",,,needed
dest-axum-card.jpg,2,"Aksum card",,,needed
dest-kafa-biosphere-coffee-forest-card.jpg,2,"Kafa Biosphere Reserve card",,,needed
dest-arba-minch-nechsar-card.jpg,2,"Arba Minch & Nech Sar National Park card",,,needed
dest-konso-card.jpg,2,"Konso Cultural Landscape card",,,needed
dest-awash-national-park-card.jpg,2,"Awash National Park & Alledeghi Plains card",,,needed
dest-chebera-churchura-national-park-card.jpg,2,"Chebera Churchura National Park card",,,needed
dest-gambella-national-park-card.jpg,2,"Gambella National Park card",,,needed
dest-kafta-shiraro-national-park-card.jpg,2,"Kafta Sheraro National Park card",,,needed
tour-classic-northern-ethiopia-10-days-hero.jpg,3,"Classic Northern Ethiopia hero",,,needed
tour-lalibela-gondar-tigray-14-days-hero.jpg,3,"Lalibela, Gondar and Tigray hero",,,needed
tour-ethiopia-complete-historic-18-days-hero.jpg,3,"Complete Historic Ethiopia hero",,,needed
tour-addis-ababa-lalibela-short-5-days-hero.jpg,3,"Addis Ababa and Lalibela hero",,,needed
tour-axum-tigray-specialist-8-days-hero.jpg,3,"Axum and Tigray Specialist hero",,,needed
tour-gondar-bahir-dar-lakes-6-days-hero.jpg,3,"Gondar, Bahir Dar and Lake Tana hero",,,needed
tour-omo-valley-complete-10-days-hero.jpg,3,"Omo Valley Complete hero",,,needed
tour-omo-valley-short-6-days-hero.jpg,3,"Omo Valley Introduction hero",,,needed
tour-south-ethiopia-culture-8-days-hero.jpg,3,"South Ethiopia Culture hero",,,needed
tour-omo-valley-konso-deep-12-days-hero.jpg,3,"Omo Valley and Konso Deep Immersion hero",,,needed
tour-hamar-bull-jumping-9-days-hero.jpg,3,"Hamar Bull-Jumping Journey hero",,,needed
tour-southern-tribes-photography-11-days-hero.jpg,3,"Southern Tribes Photography hero",,,needed
tour-bale-simien-wolf-gelada-12-days-hero.jpg,3,"Wolf and Gelada: Bale and Simien hero",,,needed
tour-bale-mountains-wildlife-5-days-hero.jpg,3,"Bale Mountains Wildlife Focus hero",,,needed
tour-simien-trekking-wildlife-8-days-hero.jpg,3,"Simien Trekking and Wildlife hero",,,needed
tour-endemic-mammals-circuit-15-days-hero.jpg,3,"Endemic Mammals Grand Circuit hero",,,needed
tour-ethiopia-birding-specialist-14-days-hero.jpg,3,"Ethiopia Birding Specialist hero",,,needed
tour-rift-valley-lakes-birding-7-days-hero.jpg,3,"Rift Valley Lakes and Birding hero",,,needed
tour-danakil-north-circuit-9-days-hero.jpg,3,"Danakil and North Circuit hero",,,needed
tour-simien-mountains-trekking-7-days-hero.jpg,3,"Simien Mountains Trek hero",,,needed
tour-mobile-camp-expedition-12-days-hero.jpg,3,"Mobile Camp Expedition hero",,,needed
tour-erta-ale-volcano-4-days-hero.jpg,3,"Erta Ale Volcano Express hero",,,needed
tour-danakil-omo-extreme-16-days-hero.jpg,3,"Danakil and Omo Extremes hero",,,needed
tour-bale-trekking-adventure-8-days-hero.jpg,3,"Bale Mountains Trek and Highlands hero",,,needed
tour-timkat-ethiopia-7-days-hero.jpg,3,"Timkat Festival Circuit hero",,,needed
tour-meskel-ethiopia-6-days-hero.jpg,3,"Meskel Festival and Addis Ababa hero",,,needed
tour-ethiopia-festival-calendar-14-days-hero.jpg,3,"Full Festival Calendar hero",,,needed
tour-timkat-gondar-deep-9-days-hero.jpg,3,"Timkat in Gondar Deep Experience hero",,,needed
tour-ethiopian-new-year-enkutatash-5-days-hero.jpg,3,"Ethiopian New Year — Enkutatash hero",,,needed
tour-fasika-easter-lalibela-8-days-hero.jpg,3,"Fasika — Ethiopian Easter at Lalibela hero",,,needed
tour-photography-complete-expedition-14-days-hero.jpg,3,"Photography Complete Expedition hero",,,needed
tour-omo-valley-portrait-photography-8-days-hero.jpg,3,"Omo Valley Portrait Photography hero",,,needed
tour-wildlife-photography-10-days-hero.jpg,3,"Wildlife Photography hero",,,needed
tour-lalibela-cultural-photography-7-days-hero.jpg,3,"Lalibela Cultural Photography hero",,,needed
tour-danakil-landscape-photography-9-days-hero.jpg,3,"Danakil Landscape Photography hero",,,needed
tour-festival-photography-10-days-hero.jpg,3,"Festival Photography hero",,,needed
tour-classic-northern-ethiopia-10-days-cta.jpg,3,"Classic Northern Ethiopia CTA backdrop",,,needed
tour-lalibela-gondar-tigray-14-days-cta.jpg,3,"Lalibela, Gondar and Tigray CTA backdrop",,,needed
tour-ethiopia-complete-historic-18-days-cta.jpg,3,"Complete Historic Ethiopia CTA backdrop",,,needed
tour-addis-ababa-lalibela-short-5-days-cta.jpg,3,"Addis Ababa and Lalibela CTA backdrop",,,needed
tour-axum-tigray-specialist-8-days-cta.jpg,3,"Axum and Tigray Specialist CTA backdrop",,,needed
tour-gondar-bahir-dar-lakes-6-days-cta.jpg,3,"Gondar, Bahir Dar and Lake Tana CTA backdrop",,,needed
tour-omo-valley-complete-10-days-cta.jpg,3,"Omo Valley Complete CTA backdrop",,,needed
tour-omo-valley-short-6-days-cta.jpg,3,"Omo Valley Introduction CTA backdrop",,,needed
tour-south-ethiopia-culture-8-days-cta.jpg,3,"South Ethiopia Culture CTA backdrop",,,needed
tour-omo-valley-konso-deep-12-days-cta.jpg,3,"Omo Valley and Konso Deep Immersion CTA backdrop",,,needed
tour-hamar-bull-jumping-9-days-cta.jpg,3,"Hamar Bull-Jumping Journey CTA backdrop",,,needed
tour-southern-tribes-photography-11-days-cta.jpg,3,"Southern Tribes Photography CTA backdrop",,,needed
tour-bale-simien-wolf-gelada-12-days-cta.jpg,3,"Wolf and Gelada: Bale and Simien CTA backdrop",,,needed
tour-bale-mountains-wildlife-5-days-cta.jpg,3,"Bale Mountains Wildlife Focus CTA backdrop",,,needed
tour-simien-trekking-wildlife-8-days-cta.jpg,3,"Simien Trekking and Wildlife CTA backdrop",,,needed
tour-endemic-mammals-circuit-15-days-cta.jpg,3,"Endemic Mammals Grand Circuit CTA backdrop",,,needed
tour-ethiopia-birding-specialist-14-days-cta.jpg,3,"Ethiopia Birding Specialist CTA backdrop",,,needed
tour-rift-valley-lakes-birding-7-days-cta.jpg,3,"Rift Valley Lakes and Birding CTA backdrop",,,needed
tour-danakil-north-circuit-9-days-cta.jpg,3,"Danakil and North Circuit CTA backdrop",,,needed
tour-simien-mountains-trekking-7-days-cta.jpg,3,"Simien Mountains Trek CTA backdrop",,,needed
tour-mobile-camp-expedition-12-days-cta.jpg,3,"Mobile Camp Expedition CTA backdrop",,,needed
tour-erta-ale-volcano-4-days-cta.jpg,3,"Erta Ale Volcano Express CTA backdrop",,,needed
tour-danakil-omo-extreme-16-days-cta.jpg,3,"Danakil and Omo Extremes CTA backdrop",,,needed
tour-bale-trekking-adventure-8-days-cta.jpg,3,"Bale Mountains Trek and Highlands CTA backdrop",,,needed
tour-timkat-ethiopia-7-days-cta.jpg,3,"Timkat Festival Circuit CTA backdrop",,,needed
tour-meskel-ethiopia-6-days-cta.jpg,3,"Meskel Festival and Addis Ababa CTA backdrop",,,needed
tour-ethiopia-festival-calendar-14-days-cta.jpg,3,"Full Festival Calendar CTA backdrop",,,needed
tour-timkat-gondar-deep-9-days-cta.jpg,3,"Timkat in Gondar Deep Experience CTA backdrop",,,needed
tour-ethiopian-new-year-enkutatash-5-days-cta.jpg,3,"Ethiopian New Year — Enkutatash CTA backdrop",,,needed
tour-fasika-easter-lalibela-8-days-cta.jpg,3,"Fasika — Ethiopian Easter at Lalibela CTA backdrop",,,needed
tour-photography-complete-expedition-14-days-cta.jpg,3,"Photography Complete Expedition CTA backdrop",,,needed
tour-omo-valley-portrait-photography-8-days-cta.jpg,3,"Omo Valley Portrait Photography CTA backdrop",,,needed
tour-wildlife-photography-10-days-cta.jpg,3,"Wildlife Photography CTA backdrop",,,needed
tour-lalibela-cultural-photography-7-days-cta.jpg,3,"Lalibela Cultural Photography CTA backdrop",,,needed
tour-danakil-landscape-photography-9-days-cta.jpg,3,"Danakil Landscape Photography CTA backdrop",,,needed
tour-festival-photography-10-days-cta.jpg,3,"Festival Photography CTA backdrop",,,needed
contact-hero-specialist-planning.jpg,4,"Enquiry hero: real Sawla specialist planning",archive,,needed
contact-cta-coffee-ceremony.jpg,4,"Enquiry CTA: coffee ceremony",archive,,needed
pricing-hero.jpg,4,"Pricing page hero: planning context",archive,,needed
tour-hub-historic-cultural-ethiopia-tours.jpg,5,"Heritage Pilgrimage hub hero",,,needed
tour-hub-omo-valley-cultural-tours.jpg,5,"Tribal Encounters hub hero",,,needed
tour-hub-ethiopia-wildlife-tours.jpg,5,"Wildlife & Birding hub hero",,,needed
tour-hub-ethiopia-adventure-tours.jpg,5,"Frontier Adventure hub hero",,,needed
tour-hub-ethiopia-festival-tours.jpg,5,"Festival Immersion hub hero",,,needed
tour-hub-ethiopia-photography-tours.jpg,5,"Photography Journeys hub hero",,,needed
tour-hub-ethiopia-birdwatching-tours.jpg,5,"Birdwatching Tours hub hero",,,needed
tour-hub-ethiopia-special-interest-tours.jpg,5,"Coffee, Culinary & Special-Interest Journeys hub hero",,,needed
tour-hub-addis-ababa-day-tours.jpg,5,"Addis Day Tours, Stopovers & Business Travel hub hero",,,needed
guide-hub-hero.jpg,6,"Travel-guide hub hero",,,needed
guide-when-to-visit-ethiopia-hero.jpg,6,"When to Visit Ethiopia",,,needed
guide-ethiopia-travel-circuits-hero.jpg,6,"Ethiopia Travel Circuits Explained",,,needed
guide-how-to-plan-your-trip-hero.jpg,6,"How to Plan an Ethiopia Trip",,,needed
guide-how-to-get-to-ethiopia-hero.jpg,6,"How to Get to Ethiopia",,,needed
guide-ethiopia-domestic-flights-hero.jpg,6,"Ethiopia Domestic Flights & Road Transfers",,,needed
guide-ethiopia-visa-guide-hero.jpg,6,"Ethiopia Visa & Entry Requirements",,,needed
guide-health-safety-ethiopia-hero.jpg,6,"Health, Altitude & Travel Safety in Ethiopia",,,needed
guide-safety-in-ethiopia-hero.jpg,6,"Safety in Ethiopia for Travelers",,,needed
guide-what-to-pack-for-ethiopia-hero.jpg,6,"What to Pack for Ethiopia",,,needed
guide-ethiopia-travel-costs-hero.jpg,6,"Ethiopia Travel Costs & Budgeting",,,needed
guide-hotels-lodges-ethiopia-hero.jpg,6,"Hotels & Lodges in Ethiopia",,,needed
guide-ethiopia-safaris-hero.jpg,6,"Planning an Ethiopia Safari",,,needed
guide-popular-wildlife-ethiopia-hero.jpg,6,"Wildlife to See in Ethiopia",,,needed
guide-ethiopia-birding-guide-hero.jpg,6,"Birdwatching in Ethiopia",,,needed
guide-ethiopia-photography-guide-hero.jpg,6,"Photography in Ethiopia",,,needed
guide-drone-binocular-permits-ethiopia-hero.jpg,6,"Drone, Binocular & Equipment Permissions",,,needed
guide-ethiopian-food-coffee-hero.jpg,6,"Ethiopian Food, Coffee & Cuisine",,,needed
guide-ethiopia-festival-calendar-hero.jpg,6,"Ethiopia Festival Calendar",,,needed
guide-cultural-etiquette-ethiopia-hero.jpg,6,"Cultural Etiquette in Ethiopia",,,needed
guide-responsible-travel-ethiopia-hero.jpg,6,"Responsible Travel in Ethiopia",,,needed
guide-mobile-camping-ethiopia-hero.jpg,6,"Mobile Camping & Remote Logistics",,,needed
guide-general-travel-tips-hero.jpg,6,"Ethiopia Travel Tips & Practical Advice",,,needed
guide-why-visit-ethiopia-hero.jpg,6,"Why Visit Ethiopia",,,needed
https://placehold.co/1920x1080/FBEAF0/72243E?text=moments-gelada-hero,7,"What It's Really Like to See a Gelada Monkey in the Simien Mountains",,,needed
https://placehold.co/1920x1080/FBEAF0/72243E?text=moments-why-ethiopia-hero,7,"Why Ethiopia Is Not a Safari Destination — and Why That's the Point",,,needed
https://placehold.co/1920x1080/FBEAF0/72243E?text=moments-planning-hero,7,"How We Plan a Custom Ethiopia Journey: A Real Example",,,needed
https://placehold.co/1920x1080/FBEAF0/72243E?text=moments-hamer-hero,7,"The Hamar Bull-Jumping Ceremony: What It Is and How to Experience It",,,needed
https://placehold.co/1920x1080/FBEAF0/72243E?text=moments-abuna-hero,7,"Abuna Yemata Guh: Ethiopia's Most Extraordinary Church and the Climb to Reach It",,,needed
https://placehold.co/1920x1080/FBEAF0/72243E?text=moments-timkat-hero,7,"Timkat in Gondar: What Ethiopia's Epiphany Celebration Looks Like From the Inside",,,needed
https://placehold.co/1920x1080/FBEAF0/72243E?text=moments-wolf-hero,7,"The Ethiopian Wolf: Hunting at Dawn on the Sanetti Plateau",,,needed
https://placehold.co/1920x1080/FBEAF0/72243E?text=moments-danakil-hero,7,"What the Danakil Depression Is Really Like: An Honest Account",,,needed
https://placehold.co/1920x1080/FBEAF0/72243E?text=moments-omo-photo-hero,7,"Photographing the Omo Valley: Ethics, Access, and What Actually Works",,,needed
